Russisch;Deutsch;Grammatik;Formen;Quelle
работать;arbeiten;unvollendeter Aspekt;работает, работает;Frauen im Mutterschutz.txt
начинает;beginnt;НСВ, 3л. ед.ч.;;AI: МОЯ ФИРМА
мама;Mama;weibl. Subst.;мама;Frauen im Mutterschutz.txt
на стадио́н;ins Stadion;;;Russisch_5_1_Vokabeln_Quizlet.txt
дли́нный;lang;;;Antonyme.txt
Анна;Anna;weibl. Eigenname;;МОЯ ФИРМА.txt
а вот;und hier ist;feste Wendung;;Frank und seine Hobbies.txt
красиво;schön;Adv./Prädikatsnomen;;Das laute Büro.txt
на нуле;bei null;Präpositionalphrase;;Frauen im Mutterschutz.txt
шумно;laut, lärmend;Adv./Prädikatsnomen;;Das laute Büro.txt
Во сколько вы встаёте?;Um wie viel Uhr stehen Sie auf?;;;workbook_p_100.txt
весь день;den ganzen Tag;Zeitangabe;весь день;Frauen im Mutterschutz.txt
электроплитка;Elektroherd;weibl.;;МОЯ ФИРМА.txt
встава́ть по́здно;spät aufstehen;;;Russisch_5_1_Vokabeln_Quizlet.txt
час;"Stunde (1; 21; 31...)";;;Russisch_5_1_Vokabeln_Quizlet.txt
обед;Mittagessen;männl.;;МОЯ ФИРМА.txt
у;bei, haben (mit Genitiv);Präp. + Gen.;;Das laute Büro.txt
картина;Bild, Gemälde;Subst., weibl., Nom. Pl.;;Das laute Büro.txt
в магази́н;in den Laden;;;Russisch_5_1_Vokabeln_Quizlet.txt
английский язык;englische Sprache;feste Wortverbindung;;AI: МОЯ ФИРМА
мину́ты;"Minuten (2; 3; 4)";;;Russisch_5_1_Vokabeln_Quizlet.txt
всегда;immer;Adverb;всегда;Frauen im Mutterschutz.txt
куда́?;wohin?;;;Russisch_5_1_Vokabeln_Quizlet.txt
заниматься спортом;Sport treiben;;;workbook_p_100.txt
смотреть телевизор;fernsehen;Akkusativ - direktes Objekt;;Vokabeln Homework 06-02-26.txt
мину́т;Minuten (5-20);;;Russisch_5_1_Vokabeln_Quizlet.txt
менеджер;Manager;männl.;;МОЯ ФИРМА.txt
почти;fast;Adverb;;МОЯ ФИРМА.txt
с детьми;mit den Kindern;Präpositionalphrase;;Frauen im Mutterschutz.txt
в музе́й;ins Museum;;;Russisch_5_1_Vokabeln_Quizlet.txt
после работы;nach der Arbeit;;;workbook_p_100.txt
очередь;die Schlange / die Warteschlange;;;workbook_p_100.txt
как;wie;Adv./Fragepron.;;Das laute Büro.txt
карандаш;Bleistift;Subst., männl., Nom. Pl.;;Das laute Büro.txt
заканчиваться;enden / aufhören;;;workbook_p_100.txt
вставать (встаёт);aufstehen / aufgehen (Sonne);;;workbook_p_100.txt
идти в школу;in die Schule gehen;в + Akkusativ - Richtung: wohin?;;Vokabeln Homework 06-02-26.txt
выходные (Pl.);die freien Tage / das Wochenende;;;Vokabelliste_Mutterschutz.txt
покупа́ть проду́кты;Lebensmittel einkaufen;;;Russisch_5_1_Vokabeln_Quizlet.txt
все;alle;Pronomen, Dativ Plural;;Frank und seine Hobbies.txt
сайт;Website;männl.;;МОЯ ФИРМА.txt
дома;zu Hause, nach Hause;Adverb;дома, домой;Frauen im Mutterschutz.txt
если;wenn, falls;Konjunktion;;Frauen im Mutterschutz.txt
коллега;Kollege, Kollegin;Subst., männl./weibl., Nom. Pl.;;Das laute Büro.txt
в оте́ль;ins Hotel;;;Russisch_5_1_Vokabeln_Quizlet.txt
тёмный;dunkel;;;Antonyme.txt
командировка;Dienstreise;weibl. Subst.;командировка;Frauen im Mutterschutz.txt
калькулятор;Taschenrechner;männl.;;МОЯ ФИРМА.txt
в центр;ins Zentrum;;;Russisch_5_1_Vokabeln_Quizlet.txt
в го́ры;in die Berge;;;Russisch_5_1_Vokabeln_Quizlet.txt
В воскресенье в четырнадцать часов я иду в музей.;Am Sonntag um vierzehn Uhr gehe ich ins Museum.;;;Vokabeln Homework 06-02-26.txt
говорить;sprechen;unvollendeter Aspekt;говорить, говорить;Frauen im Mutterschutz.txt
в выходны́е;am Wochenende;;;Russisch_5_1_Vokabeln_Quizlet.txt
выходные;Wochenende;Pl.;;Frauen im Mutterschutz.txt
каждый;jeder;Pronomen;каждый;Frauen im Mutterschutz.txt
идея;Idee;weibl.;;МОЯ ФИРМА.txt
почти;fast, beinahe;Adverb;;AI: МОЯ ФИРМА
её;sie (Akk.), ihr;Personalpronomen, 3. Pers. Sg. weibl., Akk./Gen.;;МОЯ ФИРМА.txt
ждать с ужином;mit dem Abendessen auf jemanden warten;;;Vokabelliste_Mutterschutz.txt
Дмитрий;Dmitri;männl. Eigenname;;МОЯ ФИРМА.txt
в декрете;in Elternzeit / Mutterschaftsurlaub;Präposition + Präpositiv - Zustand;;Vokabeln Homework 06-02-26.txt
когда;wenn, als;Konjunktion;;Frauen im Mutterschutz.txt
клуб;der Club / Verein;;;workbook_p_100.txt
длиться;dauern;;;Vokabeln Homework 06-02-26.txt
Вре́мя идёт.;Die Zeit vergeht.;;;Russisch_5_1_Vokabeln_Quizlet.txt
приходить;kommen;unvollendeter Aspekt;приходит;Frauen im Mutterschutz.txt
если ... то это значит;wenn ... dann bedeutet das;;;Vokabelliste_Mutterschutz.txt
супермаркет;der Supermarkt;;;workbook_p_100.txt
ручка;Stift, Kuli;Subst., weibl., Nom. Pl.;;Das laute Büro.txt
ужин;das Abendessen;;;workbook_p_100.txt
её;ihre;Possessivpronomen, weibl.;;Frauen im Mutterschutz.txt
на репети́цию;zur Probe;;;Russisch_5_1_Vokabeln_Quizlet.txt
стирка;die Wäsche (waschen);;;workbook_p_100.txt
декрет;der Mutterschutz / die Elternzeit;;;workbook_p_100.txt
через;durch, nach;Präp. + Akkusativ;через;Frauen im Mutterschutz.txt
холо́дный;kalt;;;Antonyme.txt
спать;schlafen;unvollendeter Aspekt;спит;Frauen im Mutterschutz.txt
соба́ка;Hund;;;Bilder-Test.txt
дочь;die Tochter;;;Familie.txt
Лос-Анджелес;Los Angeles;Eigenname, männl.;;Frank und seine Hobbies.txt
в кафе́;ins Café;;;Russisch_5_1_Vokabeln_Quizlet.txt
компьютер;Computer;männl.;;МОЯ ФИРМА.txt
в порядке;in Ordnung;Präpositionalausdruck;;Das laute Büro.txt
нормальный;normal;;;Vokabeln - Einführung Psychoanalyse.txt
студент;Student;Substantiv, männl.;;Frank und seine Hobbies.txt
день (m);der Tag;;;Vokabelliste_Mutterschutz.txt
тоже;auch;Partikel;;МОЯ ФИРМА.txt
фирма;Firma;weibl.;;МОЯ ФИРМА.txt
должен;müssen, sollen;Prädikat, weibl.;;Frauen im Mutterschutz.txt
готовить;kochen;unvollendeter Aspekt;;Frank und seine Hobbies.txt
приятный;angenehm;Adjektiv;;МОЯ ФИРМА.txt
футбол;der Fußball;;;workbook_p_100.txt
интернет;Internet;männl.;;МОЯ ФИРМА.txt
дела (Pl.);die Angelegenheiten / die Aufgaben;;;Vokabelliste_Mutterschutz.txt
идти спать;schlafen gehen;Verb - Tätigkeit;;Vokabeln Homework 06-02-26.txt
контракт;der Vertrag;;;Vokabelliste_Mutterschutz.txt
обсуждать (несов.) / обсудить (сов.);besprechen / diskutieren;;;workbook_p_100.txt
никогда;niemals;Adverb;;МОЯ ФИРМА.txt
нет;nein, es gibt nicht;Negation + Genitiv;Нет;Frauen im Mutterschutz.txt
в теа́тр;ins Theater;;;Russisch_5_1_Vokabeln_Quizlet.txt
надевать пижаму;den Schlafanzug anziehen;Akkusativ - direktes Objekt;;Vokabeln Homework 06-02-26.txt
очень;sehr;Adverb;;Frank und seine Hobbies.txt
в офис;ins Büro;;;Russisch_5_1_Vokabeln_Quizlet.txt
на йо́гу;zum Yoga;;;Russisch_5_1_Vokabeln_Quizlet.txt
нельзя;darf nicht, kann nicht;Prädikat;нельзя;Frauen im Mutterschutz.txt
идти;gehen;unvollendeter Aspekt;идёт;Frauen im Mutterschutz.txt
Электроникс;Electronics;Eigenname, Firmenname;;Das laute Büro.txt
В восемь часов тридцать пять минут я иду на работу.;Um 8:35 Uhr gehe ich zur Arbeit.;;;Vokabeln Homework 06-02-26.txt
нет результата;es gibt kein Ergebnis;;;Vokabelliste_Mutterschutz.txt
де́рево;Baum;;;Bilder-Test.txt
Фрэнк;Frank;Eigenname, männl.;;Frank und seine Hobbies.txt
секретарь;Sekretär/in;Subst., männl./weibl.;;Das laute Büro.txt
ва́нна;Badewanne / Bad;;;Russisch_5_1_Vokabeln_Quizlet.txt
Андрей;Andrej;männl. Eigenname;;МОЯ ФИРМА.txt
ребёнок;Kind;männl. Subst.;ребёнок, ребёнком;Frauen im Mutterschutz.txt
Большо́й теа́тр;Bolschoi-Theater;;;Russisch_5_1_Vokabeln_Quizlet.txt
ванная;das Badezimmer;;;workbook_p_100.txt
принима́ть душ;duschen;;;Russisch_5_1_Vokabeln_Quizlet.txt
квартира;Wohnung;weibl. Subst.;квартиру;Frauen im Mutterschutz.txt
я занима́юсь;ich beschäftige mich;;;Russisch_5_1_Vokabeln_Quizlet.txt
в углу;in der Ecke;Präpositionalausdruck;;Das laute Büro.txt
трудный;schwer;Adjektiv;трудная;Frauen im Mutterschutz.txt
ещё;noch;Adverb;;МОЯ ФИРМА.txt
комфорт;der Komfort;;;Vokabelliste_Mutterschutz.txt
спасибо;danke;Interjektion;;МОЯ ФИРМА.txt
беспорядок;die Unordnung;;;Vokabelliste_Mutterschutz.txt
документ;Dokument;Subst., männl., Nom. Pl.;;Das laute Büro.txt
приходить;kommen / nach Hause kommen;;;Vokabelliste_Mutterschutz.txt
всё;alles;Pronomen;;Frauen im Mutterschutz.txt
мужчина;der Mann;;;Vokabelliste_Mutterschutz.txt
Лена;Lena;weibl. Eigenname;;МОЯ ФИРМА.txt
гру́стный;traurig;;;Antonyme.txt
Я прихожу с работы домой вечером в восемнадцать часов тридцать минут.;Ich komme nach der Arbeit abends um 18:30 Uhr nach Hause.;;;Vokabeln Homework 06-02-26.txt
машина;das Auto;;;workbook_p_100.txt
клиент;Kunde;Subst., männl., Nom. Pl.;;Das laute Büro.txt
спасибо за;danke für;Dankesformel;;МОЯ ФИРМА.txt
я иду́;ich gehe;;;Russisch_5_1_Vokabeln_Quizlet.txt
всегда и везде;immer und überall;feste Wendung;;AI: МОЯ ФИРМА
её планы рухнули;ihre Pläne sind geplatzt;;;Vokabelliste_Mutterschutz.txt
есть;essen;unvollendeter Aspekt;;МОЯ ФИРМА.txt
бухгалтер;Buchhalter;männl.;;МОЯ ФИРМА.txt
на трениро́вку;zum Training;;;Russisch_5_1_Vokabeln_Quizlet.txt
сестра;Schwester;Substantiv, weibl.;;Frank und seine Hobbies.txt
во вре́мя за́втрака;während des Frühstücks;;;Russisch_5_1_Vokabeln_Quizlet.txt
это;das ist;Demonstrativpron.;;Das laute Büro.txt
это;das, es;Pronomen;;Frauen im Mutterschutz.txt
спортзал;die Sporthalle / das Fitnessstudio;;;workbook_p_100.txt
любить;lieben, mögen;Verb, unvollendeter Aspekt, 3. Pers. Pl. Präs.;;Das laute Büro.txt
кофемашина;Kaffeemaschine;Subst., weibl., Nom. Sg.;;Das laute Büro.txt
Ты сова́ или жа́воронок?;Bist du eine Eule oder eine Lerche?;;;Russisch_5_1_Vokabeln_Quizlet.txt
всё равно;egal / trotzdem;;;Vokabeln Homework 06-02-26.txt
двор;der Hof;;;workbook_p_100.txt
ме́дленно;langsam;;;Russisch_5_1_Vokabeln_Quizlet.txt
шумно;laut, geräuschvoll;Adverb;;Das laute Büro.txt
суп;Suppe;männl.;;МОЯ ФИРМА.txt
кино;das Kino;;;workbook_p_100.txt
через час;nach einer Stunde;;;Vokabelliste_Mutterschutz.txt
женщина;Frau;weibl. Subst.;женщина, женщины;Frauen im Mutterschutz.txt
много;viel;Adverb;;МОЯ ФИРМА.txt
ничего нельзя контролировать;man kann nichts kontrollieren;;;Vokabelliste_Mutterschutz.txt
с семи до восьми;von sieben bis acht;с + Genitiv ... до + Genitiv - Zeitraum;;Vokabeln Homework 06-02-26.txt
беспорядок;Unordnung;männl. Subst.;беспорядок;Frauen im Mutterschutz.txt
считает;zählt, rechnet;НСВ, 3л. ед.ч.;;AI: МОЯ ФИРМА
Михайлович;Michajlowitsch;männl. Patronym;;МОЯ ФИРМА.txt
хобби;Hobby;Substantiv, sächl., indeklinabel;;Frank und seine Hobbies.txt
как и я;wie ich auch;Vergleichskonstruktion;;МОЯ ФИРМА.txt
с работы;von der Arbeit;Präpositionalphrase;;Frauen im Mutterschutz.txt
занима́ться;sich beschäftigen mit;;;Russisch_5_1_Vokabeln_Quizlet.txt
ручка;Kugelschreiber;Substantiv, weibl.;;Das laute Büro.txt
они;sie;Personalpronomen, 3. Pers. Pl.;;AI: МОЯ ФИРМА
последние новости;die neuesten Nachrichten;;;workbook_p_100.txt
почему;warum;Adverb;Почему;Frauen im Mutterschutz.txt
столик;Tischchen;Subst., männl., Präp. Sg.;;Das laute Büro.txt
она;sie;Personalpronomen, weibl.;она;Frauen im Mutterschutz.txt
слушать;hören;unvollendeter Aspekt;;Frank und seine Hobbies.txt
есть;es gibt, haben;Existenzverb;;Das laute Büro.txt
выходной;freier Tag;männl. Subst.;выходных;Frauen im Mutterschutz.txt
в бар;in die Bar;;;Russisch_5_1_Vokabeln_Quizlet.txt
командировка;die Dienstreise;;;Vokabelliste_Mutterschutz.txt
по́здно;spät;;;Russisch_5_1_Vokabeln_Quizlet.txt
па́па;der Papa;;;Familie.txt
ненавидеть;hassen;unvollendeter Aspekt, 3. Pers. Sg.;;Frank und seine Hobbies.txt
семья́;die Familie;;;Familie.txt
Утром я не читаю газету.;Ich lese morgens keine Zeitung.;;;Vokabeln Homework 06-02-26.txt
рухнуть;zusammenbrechen / platzen (Pläne);;;Vokabelliste_Mutterschutz.txt
маркер;Marker;Subst., männl., Nom. Pl.;;Das laute Büro.txt
стена;Wand;Subst., weibl., Präp. Sg.;;Das laute Büro.txt
но́вый;neu;;;Antonyme.txt
де́вочка;das Mädchen;;;Familie.txt
час;Stunde;männl. Subst.;час;Frauen im Mutterschutz.txt
кончать;beenden, aufhören;unvollendeter Aspekt;;AI: МОЯ ФИРМА
ребёнок;das Kind;;;Vokabelliste_Mutterschutz.txt
давно;lange, schon lange;Adverb;;AI: МОЯ ФИРМА
баланс;Bilanz;männl.;;МОЯ ФИРМА.txt
бар;die Bar;;;workbook_p_100.txt
ди-джей;der DJ;;;workbook_p_100.txt
час;die Stunde;;;Vokabelliste_Mutterschutz.txt
прекрасно;hervorragend;Adverb;;Das laute Büro.txt
гольф;Golf;Substantiv, männl.;;Frank und seine Hobbies.txt
ма́ленький;klein;;;Antonyme.txt
считать;zählen, rechnen;unvollendeter Aspekt;;МОЯ ФИРМА.txt
у;bei, haben;Präp. + Genitiv;;AI: МОЯ ФИРМА
я бре́юсь;ich rasiere mich;;;Russisch_5_1_Vokabeln_Quizlet.txt
ко́шка;die Katze;;;Familie.txt
в декрете;im Mutterschutz / in Elternzeit;;;workbook_p_100.txt
громко;laut;Adv.;;Das laute Büro.txt
домашние дела;die Hausarbeit / die Haushaltsaufgaben;;;Vokabelliste_Mutterschutz.txt
мы идём;wir gehen;;;Russisch_5_1_Vokabeln_Quizlet.txt
ко́шка;Katze;;;Bilder-Test.txt
жаворонок;die Lerche / der Frühaufsteher;;;workbook_p_100.txt
же́нщина;die Frau;;;Familie.txt
домой;nach Hause;;;workbook_p_100.txt
планировать;planen;unvollendeter Aspekt;планирует;Frauen im Mutterschutz.txt
это;das, dies;Demonstrativpronomen;это;Frauen im Mutterschutz.txt
минута;die Minute;;;workbook_p_100.txt
сидеть дома;zu Hause sitzen / zu Hause bleiben;;;Vokabelliste_Mutterschutz.txt
предпочитать;bevorzugen / vorziehen;;;workbook_p_100.txt
повар;Koch;männl.;;МОЯ ФИРМА.txt
бухгалтерия;Buchhaltung;weibl.;;МОЯ ФИРМА.txt
у;bei, haben (Konstruktion);Präp. + Genitiv;;МОЯ ФИРМА.txt
быть;sein;unvollendeter Aspekt;быть;Frauen im Mutterschutz.txt
В двадцать часов я иду покупать продукты.;Normalerweise gehe ich Samstagabend um 8:00 Uhr abends in den Supermarkt um Lebensmittel einzukaufen.;;;Vokabeln Homework 06-02-26.txt
нуль (m);die Null;;;Vokabelliste_Mutterschutz.txt
поэтому;deshalb;Adverb;;МОЯ ФИРМА.txt
высо́кий;hoch / groß (Größe);;;Antonyme.txt
на спекта́кль;zur Vorstellung;;;Russisch_5_1_Vokabeln_Quizlet.txt
Интернет;Internet;männl.;;AI: МОЯ ФИРМА
Ско́лько вре́мени?;Wie viel Uhr ist es?;;;Russisch_5_1_Vokabeln_Quizlet.txt
как и;genau wie;Vergleichspartikel;;AI: МОЯ ФИРМА
профессионал;Profi, Fachmann;Subst., männl.;;Das laute Büro.txt
восток;der Osten;;;workbook_p_100.txt
за́втра;morgen;;;Russisch_5_1_Vokabeln_Quizlet.txt
мы бу́дем;wir werden;;;Russisch_5_1_Vokabeln_Quizlet.txt
везде;überall;Adverb;;МОЯ ФИРМА.txt
В субботу в десять часов утра я изучаю русский язык.;Ich lerne die russische Sprache am Samstag um 10:00 Uhr vormittag.;;;Vokabeln Homework 06-02-26.txt
контракт;Vertrag;männl. Subst.;контракт;Frauen im Mutterschutz.txt
быть (Futur);werden (sein);;;Russisch_5_1_Vokabeln_Quizlet.txt
всё равно должна;muss trotzdem;;;Vokabelliste_Mutterschutz.txt
здра́вствуйте;Guten Tag (ohne Bild);;;Bilder-Test.txt
стадион;das Stadion;;;workbook_p_100.txt
идти на русский;zum Russischunterricht gehen;на + Akkusativ - Richtung: wohin? bei Institutionen/Kursen;;Vokabeln Homework 06-02-26.txt
в шко́лу;in die Schule;;;Russisch_5_1_Vokabeln_Quizlet.txt
трудная;schwer / schwierig;;;Vokabelliste_Mutterschutz.txt
папка;Mappe, Ordner;Substantiv, weibl.;;Das laute Büro.txt
звать;nennen, rufen;unvollendeter Aspekt;;МОЯ ФИРМА.txt
без;ohne;Präp. + Genitiv;без;Frauen im Mutterschutz.txt
план;der Plan;;;Vokabelliste_Mutterschutz.txt
у тебя есть;du hast;Besitzkonstruktion;;МОЯ ФИРМА.txt
домашний;häuslich, Haus-;Adjektiv, Pl.;;Frauen im Mutterschutz.txt
значить;bedeuten;unvollendeter Aspekt;значит;Frauen im Mutterschutz.txt
коктейль;der Cocktail;;;workbook_p_100.txt
Сергеевна;Sergeewna;weibl. Vatersname;;AI: МОЯ ФИРМА
смотреть;schauen;unvollendeter Aspekt;;Frank und seine Hobbies.txt
сахар;der Zucker;;;workbook_p_100.txt
пить кофе;Kaffee trinken;Akkusativ - direktes Objekt;;Vokabeln Homework 06-02-26.txt
Кейт;Kate;Eigenname, weibl.;;Frank und seine Hobbies.txt
Леночка;Lenochka (Kosename);weibl. Kosename;;AI: МОЯ ФИРМА
рухнуть;einstürzen;vollendeter Aspekt;рухнули;Frauen im Mutterschutz.txt
а;und, aber;Konjunktion;;Frauen im Mutterschutz.txt
коллега;Kollege;Substantiv, männl./weibl., Plural;;Das laute Büro.txt
полка;Regal;Substantiv, weibl.;;Das laute Büro.txt
ста́рый (Alter);alt (Alter);;;Antonyme.txt
продуктивно;produktiv;;;workbook_p_100.txt
по́лдень;Mittag;;;Russisch_5_1_Vokabeln_Quizlet.txt
све́тлый;hell;;;Antonyme.txt
В двадцать два часа тридцать минут я надеваю пижаму.;Um halb elf ziehe ich meinen Pyjama an.;;;Vokabeln Homework 06-02-26.txt
меня;mich, mir;Personalpron., 1. Pers. Sg., Gen./Akk.;;Das laute Büro.txt
гений;Genie;männl.;;МОЯ ФИРМА.txt
рисовать;zeichnen, malen;unvollendeter Aspekt, 3. Pers. Sg.;;Frank und seine Hobbies.txt
наконец;endlich, schließlich;Adverb;;AI: МОЯ ФИРМА
рестора́н;Restaurant;;;Bilder-Test.txt
фотографировать;fotografieren;unvollendeter Aspekt;;Frank und seine Hobbies.txt
его зовут;er heißt;feste Wendung;;Frank und seine Hobbies.txt
окей;okay;Interjektion;;МОЯ ФИРМА.txt
звать;nennen, heißen;unvollendeter Aspekt, 3. Pers. Pl.;;Frank und seine Hobbies.txt
любить;lieben;unvollendeter Aspekt;;Frank und seine Hobbies.txt
душ;die Dusche;;;workbook_p_100.txt
письмо;Brief;Subst., neutr., Nom. Pl.;;Das laute Büro.txt
разговаривать;sich unterhalten, sprechen;Verb, unvollendeter Aspekt, 3. Pers. Pl. Präs.;;Das laute Büro.txt
дя́дя;der Onkel;;;Familie.txt
привет;hallo;Interjektion;;Frank und seine Hobbies.txt
В восемь часов пятнадцать минут я принимаю душ.;Um 8:15 dusche ich.;;;Vokabeln Homework 06-02-26.txt
спорт;Sport;männl. Subst.;спортом;Frauen im Mutterschutz.txt
машина;Auto;weibl.;;МОЯ ФИРМА.txt
многие;viele;Pronomen, Nom. Pl.;Многие;Frauen im Mutterschutz.txt
ужин;Abendessen;männl. Subst.;ужином;Frauen im Mutterschutz.txt
идти в спортзал;ins Fitnessstudio gehen;в + Akkusativ - Richtung: wohin?;;Vokabeln Homework 06-02-26.txt
всё равно;trotzdem / dennoch;;;Vokabelliste_Mutterschutz.txt
вот;hier ist, da ist;Partikel;;Frank und seine Hobbies.txt
приходить с работы;von der Arbeit kommen;с + Genitiv - Herkunft: woher?;;Vokabeln Homework 06-02-26.txt
ро́вно;genau / pünktlich;;;Russisch_5_1_Vokabeln_Quizlet.txt
потому что;weil;Konjunktion;;Das laute Büro.txt
если женщина сидит дома с детьми;wenn die Frau zu Hause mit den Kindern ist;;;Vokabelliste_Mutterschutz.txt
бухгалтер;Buchhalter/in;männl., kann für beide Geschlechter verwendet werden;;AI: МОЯ ФИРМА
на футбо́л;zum Fußball;;;Russisch_5_1_Vokabeln_Quizlet.txt
Я сплю с ноля часов до семи часов.;Ich schlafe von 00:00 Uhr bis 7:00 Uhr.;;;Vokabeln Homework 06-02-26.txt
беспорядок;Unordnung / Chaos;;;Vokabeln Homework 06-02-26.txt
поздно вечером;spät am Abend;Adverbialphrase;;AI: МОЯ ФИРМА
аппетит;Appetit;männl.;;МОЯ ФИРМА.txt
а вот;und hier ist, und da ist;Redewendung;;Das laute Büro.txt
бри́ться;sich rasieren;;;Russisch_5_1_Vokabeln_Quizlet.txt
Мэгги;Maggie;Eigenname, weibl.;;Frank und seine Hobbies.txt
инженер;Ingenieur;Subst., männl., Nom. Sg.;;Das laute Büro.txt
важно;wichtig;Adverb/Prädikat;;МОЯ ФИРМА.txt
добрый;gut, freundlich;Adj., männl., Nom. Sg.;;Das laute Büro.txt
обедать;zu Mittag essen;unvollendeter Aspekt;;МОЯ ФИРМА.txt
Во ско́лько?;Um wie viel Uhr?;;;Russisch_5_1_Vokabeln_Quizlet.txt
сидеть в декрете;im Mutterschutz sein / in Elternzeit sein;;;Vokabelliste_Mutterschutz.txt
план;Plan;männl. Subst.;планы;Frauen im Mutterschutz.txt
делать;machen / tun;;;Vokabelliste_Mutterschutz.txt
висеть;hängen;Verb, unvollendeter Aspekt, 3. Pers. Pl. Präs.;;Das laute Büro.txt
молодо́й;jung;;;Antonyme.txt
уборка;das Putzen / die Reinigung;;;workbook_p_100.txt
она должна быть с ребёнком;sie muss beim Kind sein;;;Vokabelliste_Mutterschutz.txt
изучать русский язык;die russische Sprache lernen;Akkusativ - direktes Objekt;;Vokabeln Homework 06-02-26.txt
сестра́;die Schwester;;;Familie.txt
документы;Dokumente;männl. Plural;;AI: МОЯ ФИРМА
интересная;interessant;;;Vokabelliste_Mutterschutz.txt
мотивация;Motivation;weibl. Subst.;мотивацию;Frauen im Mutterschutz.txt
папка;Ordner, Mappe;Subst., weibl., Präp. Sg.;;Das laute Büro.txt
покупать продукты;Lebensmittel kaufen;Akkusativ - direktes Objekt;;Vokabeln Homework 06-02-26.txt
Лада;Lada;Automarke;;AI: МОЯ ФИРМА
есть;sein, haben, da sein;Verb, Existenzverb;;Das laute Büro.txt
концерт;das Konzert;;;workbook_p_100.txt
спорт;der Sport;;;workbook_p_100.txt
него;ihm;Personalpronomen, 3. Pers. Sg. männl., Gen.;;МОЯ ФИРМА.txt
калькулятор;Rechner;männl.;;AI: МОЯ ФИРМА
стол;Tisch;Subst., männl., Präp. Sg.;;Das laute Büro.txt
контролировать;kontrollieren;unvollendeter Aspekt;контролировать;Frauen im Mutterschutz.txt
дети;Kinder;Pl. von ребёнок;детьми;Frauen im Mutterschutz.txt
ноль;Null;männl. Subst.;нуле;Frauen im Mutterschutz.txt
английский;englisch;Adjektiv, männl.;;МОЯ ФИРМА.txt
бегать;laufen / joggen;;;workbook_p_100.txt
психологический;psychologisch;Adjektiv;психологический;Frauen im Mutterschutz.txt
важный;wichtig;Adjektiv;;AI: МОЯ ФИРМА
В воскресенье в восемнадцать часов я стираю джинсы.;Am Sonntag um 18:00 Uhr wasche ich meine Jeans.;;;Vokabeln Homework 06-02-26.txt
весь;ganz, alles;Pronomen;весь, всё;Frauen im Mutterschutz.txt
без выходных;ohne freie Tage / ohne Pause;;;Vokabelliste_Mutterschutz.txt
работать без выходных;ohne freie Tage arbeiten;;;Vokabelliste_Mutterschutz.txt
выступать;auftreten / vortragen;;;Vokabeln - Einführung Psychoanalyse.txt
весь;ganz, der ganze;Pronomen, männl. Sg.;;Frauen im Mutterschutz.txt
знать;wissen, kennen;unvollendeter Aspekt;;AI: МОЯ ФИРМА
здесь;hier;Adv.;;Das laute Büro.txt
рабо́та;Arbeit;;;Russisch_5_1_Vokabeln_Quizlet.txt
всё равно;trotzdem, egal;feste Wendung;;Frauen im Mutterschutz.txt
отдыхать;sich ausruhen;unvollendeter Aspekt;отдыхает, отдыхать;Frauen im Mutterschutz.txt
обычно;gewöhnlich;Adverb;обычно;Frauen im Mutterschutz.txt
и;und;Konjunktion;и;Frauen im Mutterschutz.txt
на вокза́л;zum Bahnhof;;;Russisch_5_1_Vokabeln_Quizlet.txt
покупать (несов.) / купить (сов.);kaufen;;;workbook_p_100.txt
с;mit;Präp. + Instrumental;с;Frauen im Mutterschutz.txt
у;bei;Präposition + Genitiv;;Frank und seine Hobbies.txt
молодая женщина;ein jugendliches weibliches Individuum;;;Vokabeln - Einführung Psychoanalyse.txt
рабочий день;Arbeitstag;Kollokation;;Frauen im Mutterschutz.txt
Клаудия;Claudia;Eigenname, weibl.;;Das laute Büro.txt
я;ich;Personalpronomen, 1. Pers. Sg.;;Frank und seine Hobbies.txt
) утром;morgens;Adverb (Instrumental;;МОЯ ФИРМА.txt
друг;Freund;männl.;;МОЯ ФИРМА.txt
да;ja;Partikel;;МОЯ ФИРМА.txt
В воскресенье в двенадцать часов и в среду в четырнадцать часов я иду в спортзал.;Sonntags um 12:00 Uhr und Mittwochs um 14:00 Uhr gehe ich in den Gym.;;;Vokabeln Homework 06-02-26.txt
кофе;Kaffee;Subst., männl., indeklinabel;;Das laute Büro.txt
меня зовут;ich heiße;feste Wendung;;Frank und seine Hobbies.txt
окно;Fenster;Subst., neutr., Präp. Sg.;;Das laute Büro.txt
просто;einfach;Adverb;;МОЯ ФИРМА.txt
он;er;Personalpronomen, männl.;он, его, он;Frauen im Mutterschutz.txt
всё равно;trotzdem;Adverbialphrase;всё равно;Frauen im Mutterschutz.txt
ты;du;Personalpronomen, 2. Pers. Sg.;;МОЯ ФИРМА.txt
на ры́нок;auf den Markt;;;Russisch_5_1_Vokabeln_Quizlet.txt
рабочий день;Arbeitстag;männl. Subst.;рабочий день;Frauen im Mutterschutz.txt
вы идёте;ihr geht / Sie gehen;;;Russisch_5_1_Vokabeln_Quizlet.txt
приходи́ть с рабо́ты;von der Arbeit kommen;;;Russisch_5_1_Vokabeln_Quizlet.txt
идти домой;nach Hause gehen;Adverb - Richtung: wohin?;;Vokabeln Homework 06-02-26.txt
вы;Sie, ihr;Personalpron., 2. Pers. Pl./Höflichkeitsform;;Das laute Büro.txt
планы рухнули;Pläne sind gescheitert;;;Vokabeln Homework 06-02-26.txt
на уро́к;zum Unterricht;;;Russisch_5_1_Vokabeln_Quizlet.txt
Джон;John;Eigenname, männl.;;Frank und seine Hobbies.txt
лада;Lada;weibl. Markenname;;МОЯ ФИРМА.txt
сегодня;heute;Adverb;;МОЯ ФИРМА.txt
её;ihr, ihre;Possessivpronomen/Personalpronomen;Её;Frauen im Mutterschutz.txt
хотеть;wollen;unvollendeter Aspekt;хочет;Frauen im Mutterschutz.txt
спекта́кль;Vorstellung / Theaterstück;;;Russisch_5_1_Vokabeln_Quizlet.txt
вставать;aufstehen;Verb - Tätigkeit;;Vokabeln Homework 06-02-26.txt
нуль;Null;männl.;;Frauen im Mutterschutz.txt
я одева́юсь;ich ziehe mich an;;;Russisch_5_1_Vokabeln_Quizlet.txt
порядок;Ordnung;Subst., männl., Präp. Sg.;;Das laute Büro.txt
обычно;gewöhnlich / normalerweise;;;Vokabelliste_Mutterschutz.txt
продуктивная;produktiv;;;Vokabelliste_Mutterschutz.txt
заниматься;sich beschäftigen;unvollendeter Aspekt, Infinitiv;;Frauen im Mutterschutz.txt
в десять часов;um zehn Uhr;в + Akkusativ - Zeitpunkt;;Vokabeln Homework 06-02-26.txt
вечер;Abend;männl.;;Frauen im Mutterschutz.txt
быстро и точно;schnell und genau;Adverbien;;AI: МОЯ ФИРМА
теа́тр;Theater;;;Russisch_5_1_Vokabeln_Quizlet.txt
ждать;warten;unvollendeter Aspekt;ждёт;Frauen im Mutterschutz.txt
или;oder;Konjunktion;или;Frauen im Mutterschutz.txt
Вре́мя бежи́т.;Die Zeit rennt.;;;Russisch_5_1_Vokabeln_Quizlet.txt
угол;Ecke;Subst., männl., Präp. Sg.;;Das laute Büro.txt
рано утром;früh am Morgen;Adverbialphrase;;AI: МОЯ ФИРМА
чита́ть но́вости;Nachrichten lesen;;;Russisch_5_1_Vokabeln_Quizlet.txt
его;ihn, sein;Personalpronomen, 3. Pers. Sg. männl.;;Frank und seine Hobbies.txt
помнить;sich erinnern;Verb, unvollendeter Aspekt, 2. Pers. Pl. Präs.;;Das laute Büro.txt
полное восстановление здоровья;vollkommene Herstellung der Gesundheit;;;Vokabeln - Einführung Psychoanalyse.txt
что;was, dass;Interrogativ-/Relativpronomen, Konjunktion;;Das laute Büro.txt
гитара;Gitarre;Substantiv, weibl.;;Frank und seine Hobbies.txt
он/она́ бу́дет;er/sie wird;;;Russisch_5_1_Vokabeln_Quizlet.txt
клиенты;Kunden;м, мн.ч.;;AI: МОЯ ФИРМА
мужчи́на;der Mann;;;Familie.txt
С семи часов до восьми часов я смотрю новости в Интернете.;Von 7:00 bis 8:00 Uhr schaue ich mir die Nachrichten im Internet an.;;;Vokabeln Homework 06-02-26.txt
что;dass, was;Konjunktion/Pronomen;что;Frauen im Mutterschutz.txt
сейчас;jetzt;Adv.;;Das laute Büro.txt
детектив;Krimi;Substantiv, männl.;;Frank und seine Hobbies.txt
психологический комфорт;das psychologische Wohlbefinden;;;Vokabelliste_Mutterschutz.txt
в;in;Präp. + Präpositiv/Akkusativ;в;Frauen im Mutterschutz.txt
продуктивный;produktiv;Adjektiv;продуктивная;Frauen im Mutterschutz.txt
Дмитриевич;Dmitrijewitsch;männl. Vatersname;;AI: МОЯ ФИРМА
быстро;schnell;Adverb;;МОЯ ФИРМА.txt
в рестора́н;ins Restaurant;;;Russisch_5_1_Vokabeln_Quizlet.txt
оте́ц;der Vater;;;Familie.txt
Кото́рый час?;Wie spät ist es?;;;Russisch_5_1_Vokabeln_Quizlet.txt
делать;machen;unvollendeter Aspekt;делать;Frauen im Mutterschutz.txt
идти́ спать;schlafen gehen;;;Russisch_5_1_Vokabeln_Quizlet.txt
стоять в очереди;in der Schlange stehen;;;workbook_p_100.txt
в наше время;in unserer Zeit;Zeitangabe;;МОЯ ФИРМА.txt
гото́вить обе́д;Mittagessen kochen;;;Russisch_5_1_Vokabeln_Quizlet.txt
её зовут;sie heißt;feste Wendung;;Frank und seine Hobbies.txt
принтер;Drucker;Subst., männl., Nom. Sg.;;Das laute Büro.txt
наш;unser;Possessivpronomen;;Frank und seine Hobbies.txt
сла́бый;schwach;;;Antonyme.txt
рыбалка;das Angeln;;;workbook_p_100.txt
Вре́мя лети́т.;Die Zeit fliegt.;;;Russisch_5_1_Vokabeln_Quizlet.txt
Окей;Okay;Interjektion;;AI: МОЯ ФИРМА
гото́вить;kochen;;;Russisch_5_1_Vokabeln_Quizlet.txt
дом;Haus;;;Bilder-Test.txt
дом;Haus, Heim;männl. Subst.;домой, дома;Frauen im Mutterschutz.txt
мочь;können;unvollendeter Aspekt;может;Frauen im Mutterschutz.txt
потому что;weil, da;kausale Konjunktion;;AI: МОЯ ФИРМА
краситься;sich schminken;Reflexives Verb auf -ся;;Vokabeln Homework 06-02-26.txt
премье́ра;Premiere;;;Russisch_5_1_Vokabeln_Quizlet.txt
начинаться;beginnen / anfangen;;;workbook_p_100.txt
который час?;Wie spät ist es?;;;workbook_p_100.txt
часто;oft;Adverb;;МОЯ ФИРМА.txt
си́льный;stark;;;Antonyme.txt
парк;der Park;;;workbook_p_100.txt
беспорядок;die Unordnung / das Chaos;;;workbook_p_100.txt
поэтому;deshalb, darum;Adverb, konsekutiv;;AI: МОЯ ФИРМА
кончать;beenden;unvollendeter Aspekt;;МОЯ ФИРМА.txt
вещь;Sache, Gegenstand;Subst., weibl., Nom. Pl.;;Das laute Büro.txt
вкусный;lecker;Adjektiv;;AI: МОЯ ФИРМА
мину́та;"Minute (1; 21; 31...)";;;Russisch_5_1_Vokabeln_Quizlet.txt
счастливый;glücklich;Adjektiv;счастливая;Frauen im Mutterschutz.txt
лимон;die Zitrone;;;workbook_p_100.txt
одева́ться;sich anziehen;;;Russisch_5_1_Vokabeln_Quizlet.txt
убира́ть кварти́ру;die Wohnung aufräumen;;;Russisch_5_1_Vokabeln_Quizlet.txt
наконец;endlich;Adverb;;МОЯ ФИРМА.txt
опять;wieder / schon wieder;;;Vokabelliste_Mutterschutz.txt
продукты;Lebensmittel;;;workbook_p_100.txt
комплимент;Kompliment;männl.;;МОЯ ФИРМА.txt
играть в футбол;Fußball spielen;;;workbook_p_100.txt
результат;Ergebnis;männl. Subst.;результата, результат;Frauen im Mutterschutz.txt
гото́вить у́жин;Abendessen kochen;;;Russisch_5_1_Vokabeln_Quizlet.txt
На работе мы обычно видим результат: новый контракт, интересная командировка, продуктивная встреча. А дома – ничего! Женщина убирает квартиру, а через час опять беспорядок. А если нет результата, то психологический комфорт женщины на нуле. Она теряет мотивацию;но всё равно должна каждый день делать домашние дела.;;;Frauen im Mutterschutz.txt
каждый день;jeden Tag;Zeitangabe;;Frauen im Mutterschutz.txt
без выходных;ohne freie Tage;Prepositionalphrase;без выходных;Frauen im Mutterschutz.txt
ни́зкий;niedrig / klein (Größe);;;Antonyme.txt
заканчиваться;enden;unvollendeter Aspekt;заканчивается;Frauen im Mutterschutz.txt
урок;die Unterrichtsstunde;;;workbook_p_100.txt
весёлая;fröhlich;;;Vokabelliste_Mutterschutz.txt
ещё;noch, außerdem;Adverb;;Frank und seine Hobbies.txt
вкусно;lecker;Adverb;;МОЯ ФИРМА.txt
читать газету;Zeitung lesen;Akkusativ - direktes Objekt;;Vokabeln Homework 06-02-26.txt
счастливая;glücklich;;;Vokabelliste_Mutterschutz.txt
встава́ть;aufstehen;;;Russisch_5_1_Vokabeln_Quizlet.txt
я кра́шусь;ich schminke mich;;;Russisch_5_1_Vokabeln_Quizlet.txt
они́ иду́т;sie gehen;;;Russisch_5_1_Vokabeln_Quizlet.txt
это;das;Demonstrativpronomen;;Frank und seine Hobbies.txt
рабочий день;der Arbeitstag;;;workbook_p_100.txt
готовить ужин;das Abendessen kochen;Akkusativ - direktes Objekt;;Vokabeln Homework 06-02-26.txt
играть;spielen;unvollendeter Aspekt;;Frank und seine Hobbies.txt
жена́;die Ehefrau;;;Familie.txt
бриться;sich rasieren;;;workbook_p_100.txt
точно;genau, exakt;Adverb;;AI: МОЯ ФИРМА
ты бу́дешь;du wirst;;;Russisch_5_1_Vokabeln_Quizlet.txt
сын;der Sohn;;;workbook_p_100.txt
утром;am Morgen;Adverb, Instrumental;;AI: МОЯ ФИРМА
общаться / общение;kommunizieren / Kommunikation;;;Vokabeln Homework 06-02-26.txt
ме́дленный;langsam;;;Antonyme.txt
жена;Ehefrau;weibl. Subst.;жена;Frauen im Mutterschutz.txt
приятного аппетита;guten Appetit;Höflichkeitsformel;;МОЯ ФИРМА.txt
Моя внучка Тея идёт в школу с восьми часов до тринадцати часов.;Meine Enkeltochter Thea geht von acht Uhr bis dreizehn Uhr in die Schule.;;;Vokabeln Homework 06-02-26.txt
за́втракать;frühstücken;;;Russisch_5_1_Vokabeln_Quizlet.txt
Во сколько вы ужинаете?;Um wie viel Uhr essen Sie zu Abend?;;;workbook_p_100.txt
целый ряд;eine Reihe;;;Vokabeln - Einführung Psychoanalyse.txt
на вы́ставку;zur Ausstellung;;;Russisch_5_1_Vokabeln_Quizlet.txt
ожидать;erwarten;unvollendeter Aspekt;ожидает;Frauen im Mutterschutz.txt
на ле́кцию;zur Vorlesung;;;Russisch_5_1_Vokabeln_Quizlet.txt
квартира;die Wohnung;;;workbook_p_100.txt
Что вы делаете после ужина?;Was machen Sie nach dem Abendessen?;;;workbook_p_100.txt
ста́рый (Ding);alt (Gegenstand);;;Antonyme.txt
Например, когда ребёнок спит, женщина планирует заниматься спортом, убирать квартиру, говорить с подругами по телефону или читать книги. А что, если ребёнок не хочет спать? Её планы рухнули: она не может заниматься спортом, убирать квартиру;говорить с подругами по телефону или читать книги – она должна быть с ребёнком.;;;Frauen im Mutterschutz.txt
малы́ш;das Baby;;;Familie.txt
трениро́вка;Training;;;Russisch_5_1_Vokabeln_Quizlet.txt
муж;der Ehemann;;;Familie.txt
телефон;das Telefon;;;Vokabelliste_Mutterschutz.txt
на фильм;zum Film;;;Russisch_5_1_Vokabeln_Quizlet.txt
В полночь я иду спать.;Um Mitternacht gehe ich schlafen.;;;Vokabeln Homework 06-02-26.txt
есть;haben, sein;Verb sein/haben;;AI: МОЯ ФИРМА
в парк;in den Park;;;Russisch_5_1_Vokabeln_Quizlet.txt
за́втрак;Frühstück;;;Russisch_5_1_Vokabeln_Quizlet.txt
если;wenn;Konjunktion;если;Frauen im Mutterschutz.txt
давно;lange;Adverb;;МОЯ ФИРМА.txt
музыка;Musik;Substantiv, weibl.;;Frank und seine Hobbies.txt
добрый день;guten Tag;Begrüßungsformel;;Das laute Büro.txt
со́лнце;Sonne;;;Bilder-Test.txt
смотре́ть телеви́зор;fernsehen;;;Russisch_5_1_Vokabeln_Quizlet.txt
никогда не;niemals;Verneinung mit не;;AI: МОЯ ФИРМА
язык;Sprache;männl.;;МОЯ ФИРМА.txt
не;nicht;Negationspartikel;не, нет;Frauen im Mutterschutz.txt
общаться;sich unterhalten / kommunizieren;;;workbook_p_100.txt
сидеть;sitzen;unvollendeter Aspekt;сидит, сидеть;Frauen im Mutterschutz.txt
;Haus (nur Bild);;;Bilder-Test.txt
думать;denken;unvollendeter Aspekt;думают;Frauen im Mutterschutz.txt
В двадцать часов тридцать минут я ужинаю.;Ich esse um halb neun zu Abend.;;;Vokabeln Homework 06-02-26.txt
по́сле трениро́вки;nach dem Training;;;Russisch_5_1_Vokabeln_Quizlet.txt
) вечером;abends;Adverb (Instrumental;;МОЯ ФИРМА.txt
подруга;die Freundin;;;Vokabelliste_Mutterschutz.txt
В субботу в пятнадцать часов я убираю квартиру.;Ich putze die Wohnung samstags um 15:00 Uhr.;;;Vokabeln Homework 06-02-26.txt
ко́шка и соба́ка;Katze und Hund;;;Bilder-Test.txt
лежать;liegen;Verb, unvollendeter Aspekt, 3. Pers. Pl. Präs.;;Das laute Büro.txt
готовка;das Kochen;;;workbook_p_100.txt
часа́;"Stunden (2; 3; 4; 22...)";;;Russisch_5_1_Vokabeln_Quizlet.txt
я бу́ду;ich werde;;;Russisch_5_1_Vokabeln_Quizlet.txt
дети (Pl.);die Kinder;;;Vokabelliste_Mutterschutz.txt
юрист;Jurist;Substantiv, männl.;;Frank und seine Hobbies.txt
папа;Papa;Substantiv, männl.;;Frank und seine Hobbies.txt
деньги;Geld;Pl.;;МОЯ ФИРМА.txt
сего́дня ве́чером;heute Abend;;;Russisch_5_1_Vokabeln_Quizlet.txt
встреча;Treffen;weibl. Subst.;встреча;Frauen im Mutterschutz.txt
на рабо́ту;zur Arbeit;;;Russisch_5_1_Vokabeln_Quizlet.txt
клиент;Klient;männl.;;МОЯ ФИРМА.txt
дом;das Haus / das Zuhause;;;Vokabelliste_Mutterschutz.txt
планы рухнули;die Pläne sind geplatzt / zusammengebrochen;;;workbook_p_100.txt
начинать;anfangen;unvollendeter Aspekt;;МОЯ ФИРМА.txt
коро́ткий;kurz;;;Antonyme.txt
цветок;Blume;Subst., männl., Nom. Pl.;;Das laute Büro.txt
точно;genau;Adverb;;МОЯ ФИРМА.txt
В восемь часов тридцать минут я одеваюсь.;Um 8:30 ziehe ich mich an.;;;Vokabeln Homework 06-02-26.txt
у него есть;er hat;Besitzkonstruktion;;МОЯ ФИРМА.txt
у меня есть;ich habe;Besitzkonstruktion;;Frank und seine Hobbies.txt
работа;Arbeit;weibl. Subst.;работы, работе, работа;Frauen im Mutterschutz.txt
джаз;Jazz;Substantiv, männl.;;Frank und seine Hobbies.txt
ма́льчик;der Junge;;;Familie.txt
Иванович;Iwanowitsch;männl. Patronym;;МОЯ ФИРМА.txt
без выходных;ohne Wochenende;Präpositionalphrase;;Frauen im Mutterschutz.txt
весёлый;fröhlich / lustig;;;Antonyme.txt
горя́чий;heiß;;;Antonyme.txt
это работа 24/7;das ist ein 24/7-Job;;;workbook_p_100.txt
говорить по телефону;telefonieren;;;Vokabelliste_Mutterschutz.txt
в декрете;im Mutterschaftsurlaub;Präpositionalphrase;;Frauen im Mutterschutz.txt
электроплитка;Kochplatte;weibl.;;AI: МОЯ ФИРМА
работа;die Arbeit;;;Vokabelliste_Mutterschutz.txt
ужин;der Abendessen;;;Vokabelliste_Mutterschutz.txt
мама;die Mama;;;workbook_p_100.txt
сова или жаворонок?;Eule oder Lerche? (Nachtmensch oder Frühaufsteher?);;;workbook_p_100.txt
день;Tag;männl. Subst.;день, дня, день;Frauen im Mutterschutz.txt
обе́д;Mittagessen;;;Russisch_5_1_Vokabeln_Quizlet.txt
обедаем;wir essen zu Mittag;НСВ, 1л. мн.ч.;;AI: МОЯ ФИРМА
директор;Direktor;männl.;;МОЯ ФИРМА.txt
вещь;Sache, Ding;Substantiv, weibl.;;Das laute Büro.txt
Миша;Mischa;männl. Kosename;;МОЯ ФИРМА.txt
маленькие дети;kleine Kinder;;;workbook_p_100.txt
телевизор;Fernseher;Substantiv, männl.;;Frank und seine Hobbies.txt
разговаривать;sprechen, sich unterhalten;Verb, unvollendeter Aspekt;;Das laute Büro.txt
сова́;Eule;;;Russisch_5_1_Vokabeln_Quizlet.txt
ходить в школу;zur Schule gehen;;;workbook_p_100.txt
например;zum Beispiel;Adverb;Например;Frauen im Mutterschutz.txt
заниматься;sich beschäftigen mit;unvollendeter Aspekt;заниматься, заниматься;Frauen im Mutterschutz.txt
В шесть часов тридцать минут я встаю.;Ich stehe um 6:30 auf.;;;Vokabeln Homework 06-02-26.txt
солнце;die Sonne;;;workbook_p_100.txt
у неё есть;sie hat;Besitzkonstruktion;;МОЯ ФИРМА.txt
смотреть новости в Интернете;Nachrichten im Internet schauen;Akkusativ - direktes Objekt;;Vokabeln Homework 06-02-26.txt
умственная одарённость;die geistige Hochbegabung;;;Vokabeln - Einführung Psychoanalyse.txt
книга;das Buch;;;Vokabelliste_Mutterschutz.txt
дие́та;Diät;;;Russisch_5_1_Vokabeln_Quizlet.txt
их;sie (Akk.);Personalpronomen, 3. Pers. Pl., Akk.;;МОЯ ФИРМА.txt
де́душка;der Großvater (Opa);;;Familie.txt
обычно;gewöhnlich, normalerweise;Adverb;;AI: МОЯ ФИРМА
неё;ihr;Personalpronomen, 3. Pers. Sg. weibl., Gen.;;МОЯ ФИРМА.txt
бы́стро;schnell;;;Russisch_5_1_Vokabeln_Quizlet.txt
они́ бу́дут;sie werden;;;Russisch_5_1_Vokabeln_Quizlet.txt
Сергей;Sergej;männl. Eigenname;;МОЯ ФИРМА.txt
на востоке;im Osten;;;workbook_p_100.txt
говорить с подругами по телефону;mit Freundinnen telefonieren;;;Vokabelliste_Mutterschutz.txt
по;nach, über;Präp. + Dativ;по;Frauen im Mutterschutz.txt
Петрович;Petrowitsch;männl. Patronym;;МОЯ ФИРМА.txt
соба́ка;der Hund;;;Familie.txt
принимать душ;duschen;Verb - Tätigkeit;;Vokabeln Homework 06-02-26.txt
на;auf, an;Präp. + Präpositiv/Akkusativ;на, на;Frauen im Mutterschutz.txt
полка;Regal, Bord;Subst., weibl., Präp. Sg.;;Das laute Büro.txt
домашний;häuslich;Adjektiv;домашние;Frauen im Mutterschutz.txt
1);1);Aufzählungszeichen, erste Nummer;;Frauen im Mutterschutz.txt
нельзя;man darf nicht;Adverb;;Frauen im Mutterschutz.txt
м-м-м;mmm;Interjektion;;МОЯ ФИРМА.txt
сиде́ть на дие́те;Diät machen;;;Russisch_5_1_Vokabeln_Quizlet.txt
должен;muss;Prädikat;должна;Frauen im Mutterschutz.txt
вот как;so also;Wendung;;AI: МОЯ ФИРМА
на нуле;bei null / am Nullpunkt;;;Vokabelliste_Mutterschutz.txt
мужчина;Mann;männl. Subst.;мужчины, Мужчина, мужчина;Frauen im Mutterschutz.txt
мать;die Mutter;;;Familie.txt
время;Zeit;sächl.;;МОЯ ФИРМА.txt
на дискоте́ку;in die Disco;;;Russisch_5_1_Vokabeln_Quizlet.txt
вы;Sie;Personalpronomen, 2. Pers. Pl./Höflichkeitsform;;Das laute Büro.txt
говорить;sprechen, reden;Verb, unvollendeter Aspekt, 1. Pers. Sg. Präs.;;Das laute Büro.txt
должный;müssen;Adjektiv;;Frauen im Mutterschutz.txt
ра́но;früh;;;Russisch_5_1_Vokabeln_Quizlet.txt
2);2);Aufzählungszeichen, zweite Nummer;;Frauen im Mutterschutz.txt
прекрасно;ausgezeichnet, wunderbar;Adv.;;Das laute Büro.txt
дело;Sache, Angelegenheit;sächl. Subst.;дела;Frauen im Mutterschutz.txt
рано;früh;Adverb;;МОЯ ФИРМА.txt
стоять;stehen;Verb, unvollendeter Aspekt;;Das laute Büro.txt
чита́ть;lesen;;;Russisch_5_1_Vokabeln_Quizlet.txt
финансовые проблемы;finanzielle Probleme;;;workbook_p_100.txt
а;aber, und;Konjunktion;А, а;Frauen im Mutterschutz.txt
весёлый;fröhlich;Adjektiv;весёлая;Frauen im Mutterschutz.txt
одеваться;sich anziehen;Reflexives Verb auf -ся;;Vokabeln Homework 06-02-26.txt
хорошо;gut;Adverb;;Frank und seine Hobbies.txt
начина́ться;anfangen / beginnen;;;Russisch_5_1_Vokabeln_Quizlet.txt
так как;da, weil;Konjunktion;;МОЯ ФИРМА.txt
Ромео;Romeo;Eigenname, männl.;;Frank und seine Hobbies.txt
ничего;nichts;Pronomen;Ничего, ничего;Frauen im Mutterschutz.txt
стирать одежду;Kleidung waschen;Akkusativ - direktes Objekt;;Vokabeln Homework 06-02-26.txt
в доме всегда беспорядок;zu Hause herrscht immer Chaos;;;workbook_p_100.txt
отдыхать;sich erholen, ausruhen;unvollendeter Aspekt, 3. Pers. Sg.;;Frauen im Mutterschutz.txt
клиент;Kunde, Klient;männl., belebt;;AI: МОЯ ФИРМА
убирать;aufräumen;unvollendeter Aspekt;убирает;Frauen im Mutterschutz.txt
университет;die Universität;;;workbook_p_100.txt
Клаус;Klaus;Eigenname, männl.;;Das laute Büro.txt
Сколько сейчас времени?;Wie spät ist es jetzt?;;;workbook_p_100.txt
видеть;sehen;unvollendeter Aspekt;видим;Frauen im Mutterschutz.txt
секретарша;Sekretärin;weibl.;;МОЯ ФИРМА.txt
цветы;Blumen;Substantiv, männl., Plural;;Das laute Büro.txt
когда;wenn, wann;Konjunktion/Adverb;когда;Frauen im Mutterschutz.txt
телефон;Telefon;männl. Subst.;телефону;Frauen im Mutterschutz.txt
в кино́;ins Kino;;;Russisch_5_1_Vokabeln_Quizlet.txt
бы́стрый;schnell;;;Antonyme.txt
Дмитрий;Dmitrij;männl. Eigenname;;AI: МОЯ ФИРМА
конечно;natürlich;Adverb;Конечно;Frauen im Mutterschutz.txt
сайты;Websites;м, мн.ч.;;AI: МОЯ ФИРМА
кот;Kater;Substantiv, männl.;;Frank und seine Hobbies.txt
во вре́мя;während (+ Genitiv);;;Russisch_5_1_Vokabeln_Quizlet.txt
её;ihr;Possessivpronomen, weibl.;;Frauen im Mutterschutz.txt
агент;Agent;männl.;;МОЯ ФИРМА.txt
идти́;gehen (zu Fuß);;;Russisch_5_1_Vokabeln_Quizlet.txt
до́ма;zu Hause;;;Russisch_5_1_Vokabeln_Quizlet.txt
В десять часов я иду на русский.;Um zehn Uhr gehe ich zum Russisch.;;;Vokabeln Homework 06-02-26.txt
вы бу́дете;ihr werdet / Sie werden;;;Russisch_5_1_Vokabeln_Quizlet.txt
результат;das Ergebnis;;;Vokabelliste_Mutterschutz.txt
занима́ться спо́ртом;Sport treiben;;;Russisch_5_1_Vokabeln_Quizlet.txt
Америка;Amerika;Substantiv, weibl.;;Frank und seine Hobbies.txt
за;für;Präp. + Akk.;;МОЯ ФИРМА.txt
сидеть дома;zu Hause bleiben;Phrasenverb;;Frauen im Mutterschutz.txt
Моя жена красится в семь часов утра.;Meine Frau schminkt sich um 7:00 Uhr.;;;Vokabeln Homework 06-02-26.txt
когда он приходит с работы домой;wenn er von der Arbeit nach Hause kommt;;;Vokabelliste_Mutterschutz.txt
по;über, nach;Präp. + Dativ;;Frauen im Mutterschutz.txt
в бассе́йн;ins Schwimmbad;;;Russisch_5_1_Vokabeln_Quizlet.txt
идти в ресторан;ins Restaurant gehen;в + Akkusativ - Richtung: wohin?;;Vokabeln Homework 06-02-26.txt
есть;sein, haben (Hilfsverb);Kopula;;МОЯ ФИРМА.txt
жа́воронок;Lerche;;;Russisch_5_1_Vokabeln_Quizlet.txt
из;aus;Präposition + Genitiv;;Frank und seine Hobbies.txt
домашние дела;Hausarbeiten;Wortverbindung;домашние дела;Frauen im Mutterschutz.txt
вечером;am Abend;Adverb;вечером;Frauen im Mutterschutz.txt
то есть;das heißt;Modalphrase;то есть;Frauen im Mutterschutz.txt
новый;neu;Adjektiv;новый;Frauen im Mutterschutz.txt
терять мотивацию;die Motivation verlieren;;;Vokabeln Homework 06-02-26.txt
зака́нчиваться;enden / aufhören;;;Russisch_5_1_Vokabeln_Quizlet.txt
гриль;Grill;männl.;;МОЯ ФИРМА.txt
по́сле;nach (+ Genitiv);;;Russisch_5_1_Vokabeln_Quizlet.txt
школа;die Schule;;;workbook_p_100.txt
домашние дела;Hausarbeit;feste Wortverbindung;;Frauen im Mutterschutz.txt
весь;ganz;Pronomen, männl.;;Frauen im Mutterschutz.txt
Петров;Petrow;männl. Nachname;;МОЯ ФИРМА.txt
обе́дать;zu Mittag essen;;;Russisch_5_1_Vokabeln_Quizlet.txt
у нас есть;wir haben;Besitzkonstruktion;;МОЯ ФИРМА.txt
компания;Firma, Unternehmen;Subst., weibl., Präp. Sg.;;Das laute Büro.txt
фильм;der Film;;;workbook_p_100.txt
клиенты;Klienten, Kunden;männl. Plural, belebt;;AI: МОЯ ФИРМА
принима́ть ва́нну;ein Bad nehmen;;;Russisch_5_1_Vokabeln_Quizlet.txt
книга;Buch;weibl. Subst.;книги;Frauen im Mutterschutz.txt
тётя;die Tante;;;Familie.txt
вы;Sie/ihr;Personalpronomen, 2. Pers. Pl.;;AI: МОЯ ФИРМА
тяжёлый;schwer;;;Antonyme.txt
идти́ домо́й;nach Hause gehen;;;Russisch_5_1_Vokabeln_Quizlet.txt
он/она́ идёт;er/sie geht;;;Russisch_5_1_Vokabeln_Quizlet.txt
ты идёшь;du gehst;;;Russisch_5_1_Vokabeln_Quizlet.txt
В двадцать часов я готовлю ужин.;Ich koche mein Abendsessen um 20:00 Uhr.;;;Vokabeln Homework 06-02-26.txt
комфорт;Komfort;männl. Subst.;комфорт;Frauen im Mutterschutz.txt
идти в музей;ins Museum gehen;в + Akkusativ - Richtung: wohin?;;Vokabeln Homework 06-02-26.txt
равно;trotzdem;Adverb;;Frauen im Mutterschutz.txt
жизнь (f);das Leben;;;Vokabelliste_Mutterschutz.txt
пить чай;Tee trinken;;;Russisch_5_1_Vokabeln_Quizlet.txt
до;vor (+ Genitiv);;;Russisch_5_1_Vokabeln_Quizlet.txt
справа;rechts;Adv.;;Das laute Büro.txt
на работе;auf der Arbeit / bei der Arbeit;;;Vokabelliste_Mutterschutz.txt
подруга;Freundin;weibl. Subst.;подругами;Frauen im Mutterschutz.txt
офис;Büro;Subst., männl.;;Das laute Büro.txt
есть;sein, haben;Hilfsverb;;Frank und seine Hobbies.txt
трудный;schwierig;Adjektiv, weibl.;;Frauen im Mutterschutz.txt
на работе;auf der Arbeit;Prepositionalphrase;На работе;Frauen im Mutterschutz.txt
интересный;interessant;Adjektiv;интересная;Frauen im Mutterschutz.txt
по телефону;am Telefon;Prepositionalphrase;по телефону;Frauen im Mutterschutz.txt
музей;das Museum;;;workbook_p_100.txt
ба́бушка;die Großmutter (Oma);;;Familie.txt
поздно;spät;Adverb;;МОЯ ФИРМА.txt
мы;wir;Personalpronomen;мы;Frauen im Mutterschutz.txt
на;auf;Präposition + Präpositiv/Akkusativ;;Frank und seine Hobbies.txt
терять;verlieren;unvollendeter Aspekt;теряет;Frauen im Mutterschutz.txt
брат;der Bruder;;;Familie.txt
послеза́втра;übermorgen;;;Russisch_5_1_Vokabeln_Quizlet.txt
наконец;schließlich;наречие;;AI: МОЯ ФИРМА
встреча;das Treffen / die Besprechung;;;Vokabelliste_Mutterschutz.txt
борщ;Borschtsch;männl.;;МОЯ ФИРМА.txt
Мы с коллегой идём в ресторан с тринадцати часов до тринадцати часов тридцати минут.;Meine Kollegin und ich gehen mittags von 13:00 bis 13:30 ins Restaurant.;;;Vokabeln Homework 06-02-26.txt
но;aber;Konjunktion;Но;Frauen im Mutterschutz.txt
предположение;die Annahme;;;Vokabeln - Einführung Psychoanalyse.txt
классическая музыка;die klassische Musik;;;workbook_p_100.txt
вот;da ist, hier ist;Partikel;;МОЯ ФИРМА.txt
шко́ла;Schule;;;Bilder-Test.txt
то;dann, das;Partikel/Pronomen;то;Frauen im Mutterschutz.txt
профессор;Professor;Substantiv, männl.;;Frank und seine Hobbies.txt
жизнь;das Leben;;;workbook_p_100.txt
добрый;gut;Adjektiv, männl., Nominativ Sg.;;Das laute Büro.txt
Обычно вечером я смотрю телевизор с двадцати часов до двадцати четырёх часов.;Normalerweise schaue ich abends von 20:00 bis 24:00 Uhr fern.;;;Vokabeln Homework 06-02-26.txt
чита́ть газе́ту;Zeitung lesen;;;Russisch_5_1_Vokabeln_Quizlet.txt
кра́ситься;sich schminken;;;Russisch_5_1_Vokabeln_Quizlet.txt
женщина;die Frau;;;workbook_p_100.txt
ужинать;zu Abend essen;Verb - Tätigkeit;;Vokabeln Homework 06-02-26.txt
мотивация;die Motivation;;;Vokabelliste_Mutterschutz.txt
лёгкий;leicht;;;Antonyme.txt
семья;die Familie;;;workbook_p_100.txt
отдыхать;sich ausruhen / sich erholen;;;Vokabelliste_Mutterschutz.txt
а что если ...?, und was ist;wenn ...?;;;Vokabelliste_Mutterschutz.txt
В семь часов утра я пью кофе.;Um 7:00 Uhr morgens trinke ich Kaffee.;;;Vokabeln Homework 06-02-26.txt
рабочий;Arbeits-;Adjektiv;рабочий;Frauen im Mutterschutz.txt
по́лночь;Mitternacht;;;Russisch_5_1_Vokabeln_Quizlet.txt
знать;wissen;unvollendeter Aspekt;;МОЯ ФИРМА.txt
ма́ма;die Mama;;;Familie.txt
у́зкий;schmal / eng;;;Antonyme.txt
часо́в;"Stunden (5-20; 25-30...)";;;Russisch_5_1_Vokabeln_Quizlet.txt
Сергеевна;Sergejewna;weibl. Patronym;;МОЯ ФИРМА.txt
Сергеевна;Sergejevna;weibl. Vatersname;;AI: МОЯ ФИРМА
убирать квартиру;die Wohnung aufräumen / putzen;Akkusativ - direktes Objekt;;Vokabeln Homework 06-02-26.txt
идти на работу;zur Arbeit gehen;на + Akkusativ - Richtung: wohin? bei Institutionen/Kursen;;Vokabeln Homework 06-02-26.txt
душ;Dusche;;;Russisch_5_1_Vokabeln_Quizlet.txt
опять;wieder;Adverb;опять;Frauen im Mutterschutz.txt
распоря́док дня;Tagesablauf;;;Russisch_5_1_Vokabeln_Quizlet.txt
кури́ть;rauchen;;;Russisch_5_1_Vokabeln_Quizlet.txt
Обычно я прихожу с работы в восемнадцать часов.;Normalerweise komme ich um achtzehn Uhr von der Arbeit.;;;Vokabeln Homework 06-02-26.txt
давно;schon lange;Adverb;;AI: МОЯ ФИРМА
кни́га;Buch;;;Bilder-Test.txt
электроплитка;Elektrokocher;weibl.;;AI: МОЯ ФИРМА
у вас;Sie haben;Besitzkonstruktion;;МОЯ ФИРМА.txt
большо́й;groß;;;Antonyme.txt
репети́ция;Probe;;;Russisch_5_1_Vokabeln_Quizlet.txt
мучительный;quälend;;;Vokabeln - Einführung Psychoanalyse.txt
у́жинать;zu Abend essen;;;Russisch_5_1_Vokabeln_Quizlet.txt
жена;die Ehefrau;;;Vokabelliste_Mutterschutz.txt
у́жин;Abendessen;;;Russisch_5_1_Vokabeln_Quizlet.txt
кончает;beendet;НСВ, 3л. ед.ч.;;AI: МОЯ ФИРМА
никогда;nie;Adverb;;AI: МОЯ ФИРМА
широ́кий;breit;;;Antonyme.txt
на по́чту;zur Post;;;Russisch_5_1_Vokabeln_Quizlet.txt
декрет;Mutterschaftsurlaub;männl. Subst.;декрете;Frauen im Mutterschutz.txt
начинать;anfangen, beginnen;unvollendeter Aspekt;;AI: МОЯ ФИРМА
её;sie (Akkusativ), ihr;Personalpronomen, 3. Pers. Sg. weibl.;;Frank und seine Hobbies.txt
встава́ть ра́но;früh aufstehen;;;Russisch_5_1_Vokabeln_Quizlet.txt
сначала ... а потом;zuerst ... und dann;Adverb - zeitliche Abfolge;;Vokabeln Homework 06-02-26.txt
ожидание;die Erwartung;;;Vokabeln - Einführung Psychoanalyse.txt
летит время;die Zeit fliegt / wie die Zeit vergeht;;;workbook_p_100.txt
кончать;aufhören, beenden;unvollendeter Aspekt;;AI: МОЯ ФИРМА
мой;mein;Possessivpronomen;;Frank und seine Hobbies.txt
нельзя;man darf nicht, es ist unmöglich;Adverb;;Frauen im Mutterschutz.txt
Михаил;Michail;männl. Eigenname;;МОЯ ФИРМА.txt
изуча́ть ру́сский язы́к;Russisch lernen;;;Russisch_5_1_Vokabeln_Quizlet.txt
дом;Haus, Zuhause;männl.;;Frauen im Mutterschutz.txt
Леночка;Lenotschka;weibl. Kosename;;МОЯ ФИРМА.txt
до у́жина;vor dem Abendessen;;;Russisch_5_1_Vokabeln_Quizlet.txt
звать;heißen, nennen;unvollendeter Aspekt;;AI: МОЯ ФИРМА
ходить на рыбалку;angeln gehen;;;workbook_p_100.txt
особенно;besonders;Adverb;;Frank und seine Hobbies.txt
читать;lesen;unvollendeter Aspekt;читать, читать;Frauen im Mutterschutz.txt
потому;deswegen;Kausaladverb;;Das laute Büro.txt
сова;die Eule / die Nachteule;;;workbook_p_100.txt
талант;Talent;männl.;;МОЯ ФИРМА.txt
